{
    "accuracies": [
        0.3811,
        0.4357,
        0.4808,
        0.4806,
        0.519,
        0.5036,
        0.5084,
        0.5144,
        0.5316,
        0.5545,
        0.5509,
        0.5534,
        0.5653,
        0.5614,
        0.589,
        0.5408,
        0.5815,
        0.5795,
        0.5929,
        0.5931
    ],
    "test_losses": [
        1.6821458681106567,
        1.5537966079711913,
        1.4250290464401245,
        1.424356099319458,
        1.3222111740112306,
        1.3786623975753785,
        1.3748749910354614,
        1.3124980621337892,
        1.3114460510253907,
        1.2444657299041748,
        1.2634316534042358,
        1.2388178073883056,
        1.199934056854248,
        1.2410320585250854,
        1.1513726759910583,
        1.3860816620826721,
        1.1946801107406617,
        1.2282645383834838,
        1.1319673278808593,
        1.127358978843689
    ],
    "train_losses": [
        1.8545648831176758,
        1.6112784953689576,
        1.507996795578003,
        1.4495907717132568,
        1.4010796166801454,
        1.3656448097229004,
        1.3488398900604248,
        1.318860273361206,
        1.2890543790817262,
        1.2652585441970825,
        1.2516256255340577,
        1.240340381717682,
        1.2243414917755127,
        1.2109251398086547,
        1.19871049451828,
        1.1888580194473266,
        1.1728936211013794,
        1.1643225591659545,
        1.1541792633247376,
        1.1515406685256957
    ]
}